Interview_ID,Application_ID,Candidate_ID,Stage,Interview_Date,Core_Skills_Score,Speaking_Score,Writing_Score,Overall_Score_Status,Time_Slot
INT-0001-A,APP-0001,CC - 001,English Test,9-May-25,383,380,372,,
INT-0001-B,APP-0001,CC - 001,1st Interview,5-Jun-25,,,, , 
INT-0002-A,APP-0002,CC - 002,English Test,9-May-25,240,Missing,Missing,,
INT-0002-B,APP-0002,CC - 002,1st Interview,26-May-25,,,, , 
INT-0003-A,APP-0003,CC - 003,English Test,9-May-25,504,Missing,Missing,,
INT-0003-B,APP-0003,CC - 003,1st Interview,23-May-25,,,, , 
INT-0004-A,APP-0004,CC - 004,English Test,9-May-25,544,465,444,,
INT-0004-B,APP-0004,CC - 004,1st Interview,19-May-25,,,, , 
INT-0005-A,APP-0005,CC - 005,English Test,12-May-25,415,446,419,,
INT-0005-B,APP-0005,CC - 005,1st Interview,19-May-25,,,, , 
INT-0006-A,APP-0006,CC - 006,English Test,12-May-25, , , ,,
INT-0007-A,APP-0007,CC - 007,English Test,12-May-25,315,277,329,,
INT-0008-A,APP-0008,CC - 008,English Test,Not valid Email, , , ,,
INT-0009-A,APP-0009,CC - 009,English Test,12-May-25, , , ,,
INT-0010-A,APP-0010,CC - 010,English Test,12-May-25, , , ,,
INT-0011-A,APP-0011,CC - 011,English Test,12-May-25, , , ,,
INT-0012-A,APP-0012,CC - 012,English Test,12-May-25, , , ,,
INT-0013-A,APP-0013,CC - 013,English Test,12-May-25, , , ,,
INT-0014-A,APP-0014,CC - 014,English Test,12-May-25, , , ,,
INT-0015-A,APP-0015,CC - 015,English Test,12-May-25, , , ,,
INT-0016-A,APP-0016,CC - 016,English Test,12-May-25,488,414,531,,
INT-0016-B,APP-0016,CC - 016,1st Interview,19-May-25,,,, , 
INT-0017-A,APP-0017,CC - 017,English Test,12-May-25,420,416,420,,
INT-0017-B,APP-0017,CC - 017,1st Interview,20-May-25,,,, , 
INT-0018-A,APP-0018,CC - 018,English Test,15-May-25, , , ,,
INT-0019-A,APP-0019,CC - 019,English Test,15-May-25, , , ,,
INT-0019-B,APP-0019,CC - 019,1st Interview,20-Jun-25,,,, , 
INT-0020-A,APP-0020,CC - 020,English Test,15-May-25, , , ,,
INT-0021-A,APP-0021,CC - 021,English Test,15-May-25, , , ,,
INT-0022-A,APP-0022,CC - 022,English Test,15-May-25, , , ,,
INT-0023-A,APP-0023,CC - 023,English Test,15-May-25, , , ,,
INT-0024-A,APP-0024,CC - 024,English Test,15-May-25, , , ,,
INT-0025-A,APP-0025,CC - 025,English Test,15-May-25, , , ,,
INT-0026-A,APP-0026,CC - 026,English Test,15-May-25, , , ,,
INT-0026-B,APP-0026,CC - 026,1st Interview,26-May-25,,,,60, 
INT-0027-A,APP-0027,CC - 027,English Test,15-May-25, , , ,,
INT-0028-A,APP-0028,CC - 028,English Test,15-May-25, , , ,,
INT-0028-B,APP-0028,CC - 028,1st Interview,20-May-25,,,, , 
INT-0029-A,APP-0029,CC - 029,English Test,15-May-25,406,425,453,,
INT-0029-B,APP-0029,CC - 029,1st Interview,22-May-25,,,,61, 
INT-0030-A,APP-0030,CC - 030,English Test,15-May-25,529,511,565,,
INT-0030-B,APP-0030,CC - 030,1st Interview,20-May-25,,,, , 
INT-0031-A,APP-0031,CC - 031,English Test,Not valid Email, , , ,,
INT-0032-A,APP-0032,CC - 032,English Test,15-May-25, , , ,,
INT-0032-B,APP-0032,CC - 032,1st Interview,22-May-25,,,,60, 
INT-0033-A,APP-0033,CC - 033,English Test,15-May-25, , , ,,
INT-0034-A,APP-0034,CC - 034,English Test,Not valid, , , ,,
INT-0035-A,APP-0035,CC - 035,English Test,Not valid, , , ,,
INT-0036-A,APP-0036,CC - 036,English Test,Not valid, , , ,,
INT-0037-A,APP-0037,CC - 037,English Test,15-May-25, , , ,,
INT-0038-A,APP-0038,CC - 038,English Test,15-May-25, , , ,,
INT-0039-A,APP-0039,CC - 039,English Test,19-May-25,392,375,362,,
INT-0040-A,APP-0040,CC - 040,English Test,19-May-25,509,533,519,,
INT-0040-B,APP-0040,CC - 040,1st Interview,26-May-25,,,, , 
INT-0041-A,APP-0041,CC - 041,English Test,19-May-25, , , ,,
INT-0041-B,APP-0041,CC - 041,1st Interview,22-May-25,,,,60, 
INT-0042-A,APP-0042,CC - 042,English Test,19-May-25, , , ,,
INT-0043-A,APP-0043,CC - 043,English Test,19-May-25, , , ,,
INT-0044-A,APP-0044,CC - 044,English Test,Not valid, , , ,,
INT-0045-A,APP-0045,CC - 045,English Test,19-May-25, , , ,,
INT-0046-A,APP-0046,CC - 046,English Test,19-May-25, , , ,,
INT-0046-B,APP-0046,CC - 046,1st Interview,"27 May,
6 june (26-Jun-25)",,,, , 
INT-0047-A,APP-0047,CC - 047,English Test,20-May-25,512,,,,
INT-0048-A,APP-0048,CC - 048,English Test,20-May-25,418,,,,
INT-0049-A,APP-0049,CC - 049,English Test,22-May-25, , , ,,
INT-0050-A,APP-0050,CC - 050,English Test,22-May-25, , , ,,
INT-0051-A,APP-0051,CC - 051,English Test,22-May-25, , , ,,
INT-0052-A,APP-0052,CC - 052,English Test,22-May-25, , , ,,
INT-0053-A,APP-0053,CC - 053,English Test,Not valid Email, , , ,,
INT-0054-A,APP-0054,CC - 054,English Test,22-May-25, , , ,,
INT-0055-A,APP-0055,CC - 055,English Test,Not valid Email, , , ,,
INT-0056-A,APP-0056,CC - 056,English Test,22-May-25, , , ,,
INT-0057-A,APP-0057,CC - 057,English Test,22-May-25, , , ,,
INT-0058-A,APP-0058,CC - 058,English Test,22-May-25, , , ,,
INT-0059-A,APP-0059,CC - 059,English Test,22-May-25, , , ,,
INT-0060-A,APP-0060,CC - 060,English Test,22-May-25, , , ,,
INT-0060-B,APP-0060,CC - 060,1st Interview,26-May-25,,,, , 
INT-0061-A,APP-0061,CC - 061,English Test,22-May-25, , , ,,
INT-0062-A,APP-0062,CC - 062,English Test,22-May-25,462,381,481,,
INT-0062-B,APP-0062,CC - 062,1st Interview,26-May-25,,,, , 
INT-0063-A,APP-0063,CC - 063,English Test, , , , ,,
INT-0063-B,APP-0063,CC - 063,1st Interview,21-May-25,,,, , 
INT-0064-A,APP-0064,CC - 064,English Test, , , , ,,
INT-0064-B,APP-0064,CC - 064,1st Interview,5-Jun-25,,,, , 
INT-0065-A,APP-0065,CC - 065,English Test, , , , ,,
INT-0065-B,APP-0065,CC - 065,1st Interview,6/5/2025+ 6/25/25,,,, , 
INT-0066-A,APP-0066,CC - 066,English Test, , , , ,,
INT-0066-B,APP-0066,CC - 066,1st Interview,5-Jun-25,,,, , 
INT-0067-A,APP-0067,CC - 067,English Test, , , , ,,
INT-0067-B,APP-0067,CC - 067,1st Interview,5-Jun-25,,,, , 
INT-0068-A,APP-0068,CC - 068,English Test, , , , ,,
INT-0068-B,APP-0068,CC - 068,1st Interview,5-Jun-25,,,, , 
INT-0069-A,APP-0069,CC - 069,English Test, , , , ,,
INT-0069-B,APP-0069,CC - 069,1st Interview,6/5/2025+ 6/16/25,,,, , 
INT-0070-A,APP-0070,CC - 070,English Test, , , , ,,
INT-0070-B,APP-0070,CC - 070,1st Interview,5-Jun-25,,,, , 
INT-0071-A,APP-0071,CC - 071,English Test, , , , ,,
INT-0071-B,APP-0071,CC - 071,1st Interview,5-Jun-25,,,, , 
INT-0072-A,APP-0072,CC - 072,English Test, , , , ,,
INT-0072-B,APP-0072,CC - 072,1st Interview,5-Jun-25,,,, , 
INT-0073-A,APP-0073,CC - 073,English Test, , , , ,,
INT-0073-B,APP-0073,CC - 073,1st Interview,5-Jun-25,,,, , 
INT-0074-A,APP-0074,CC - 074,English Test, , , , ,,
INT-0074-B,APP-0074,CC - 074,1st Interview,12-Jun-25,,,, , 
INT-0075-A,APP-0075,CC - 075,English Test, , , , ,,
INT-0075-B,APP-0075,CC - 075,1st Interview,12-Jun-25,,,, , 
INT-0076-A,APP-0076,CC - 076,English Test, ,427,405,463,,
INT-0077-A,APP-0077,CC - 077,English Test, , , , ,,
INT-0078-A,APP-0078,CC - 078,English Test, , , , ,,
INT-0079-A,APP-0079,CC - 079,English Test, , , , ,,
INT-0079-B,APP-0079,CC - 079,1st Interview,12-Jun-25,,,, , 
INT-0080-A,APP-0080,CC - 080,English Test, , , , ,,
INT-0081-A,APP-0081,CC - 081,English Test, , , , ,,
INT-0081-B,APP-0081,CC - 081,1st Interview,25-Jun-25,,,, , 
INT-0082-A,APP-0082,CC - 082,English Test, , , , ,,
INT-0082-B,APP-0082,CC - 082,1st Interview,16-Jun-25,,,, , 
INT-0083-A,APP-0083,CC - 083,English Test, , , , ,,
INT-0083-B,APP-0083,CC - 083,1st Interview,6/19/2025+25-Jun-25,,,, , 
INT-0084-A,APP-0084,CC - 084,English Test, , , , ,,
INT-0084-B,APP-0084,CC - 084,1st Interview,13-Jun-25,,,, , 
INT-0085-A,APP-0085,CC - 085,English Test, , , , ,,
INT-0085-B,APP-0085,CC - 085,1st Interview,12-Jun-25,,,, , 
INT-0086-A,APP-0086,CC - 086,English Test, , , , ,,
INT-0086-B,APP-0086,CC - 086,1st Interview,12-Jun-25,,,, , 
INT-0087-A,APP-0087,CC - 087,English Test, , , , ,,
INT-0087-B,APP-0087,CC - 087,1st Interview,16-Jun-25,,,, , 
INT-0088-A,APP-0088,CC - 088,English Test, , , , ,,
INT-0089-A,APP-0089,CC - 089,English Test, , , , ,,
INT-0090-A,APP-0090,CC - 090,English Test, , , , ,,
INT-0091-A,APP-0091,CC - 091,English Test, , , , ,,
INT-0091-B,APP-0091,CC - 091,1st Interview,19-Jun-25,,,, , 
INT-0092-A,APP-0092,CC - 092,English Test, , , , ,,
INT-0092-B,APP-0092,CC - 092,1st Interview,25-Jun-25,,,, , 
INT-0093-A,APP-0093,CC - 093,English Test, , , , ,,
INT-0094-A,APP-0094,CC - 094,English Test, , , , ,,
INT-0095-A,APP-0095,CC - 095,English Test, , , , ,,
INT-0096-A,APP-0096,CC - 096,English Test, , , , ,,
INT-0097-A,APP-0097,CC - 097,English Test, , , , ,,
INT-0098-A,APP-0098,CC - 098,English Test, , , , ,,
INT-0098-B,APP-0098,CC - 098,1st Interview,26-Jun-25,,,, , 
INT-0099-A,APP-0099,CC - 099,English Test, , , , ,,
INT-0100-A,APP-0100,CC - 100,English Test, , , , ,,
INT-0100-B,APP-0100,CC - 100,1st Interview,26-Jun-25,,,, , 
INT-0101-A,APP-0101,CC - 101,English Test, , , , ,,
INT-0102-A,APP-0102,CC - 102,English Test, , , , ,,
INT-0102-B,APP-0102,CC - 102,1st Interview,25-Jun-25,,,, , 
INT-0103-A,APP-0103,CC - 103,English Test, , , , ,,
INT-0104-A,APP-0104,CC - 104,English Test, , , , ,,
INT-0104-B,APP-0104,CC - 104,1st Interview,25-Jun-25,,,, , 
INT-0105-A,APP-0105,CC - 105,English Test, , , , ,,
INT-0106-A,APP-0106,CC - 106,English Test, , , , ,,
INT-0107-A,APP-0107,CC - 107,English Test, , , , ,,
INT-0108-A,APP-0108,CC - 108,English Test, , , , ,,
INT-0109-A,APP-0109,CC - 109,English Test, , , , ,,
INT-0110-A,APP-0110,CC - 110,English Test, , , , ,,
INT-0111-A,APP-0111,CC - 111,English Test, , , , ,,
INT-0112-A,APP-0112,CC - 112,English Test, , , , ,,
INT-0113-A,APP-0113,CC - 113,English Test, , , , ,,
INT-0114-A,APP-0114,CC - 114,English Test, , , , ,,
INT-0114-B,APP-0114,CC - 114,1st Interview,4-Jul-25,,,, , 
INT-0115-A,APP-0115,CC - 115,English Test, , , , ,,
INT-0115-B,APP-0115,CC - 115,1st Interview,3-Jul-25,,,, , 
INT-0116-A,APP-0116,CC - 116,English Test, , , , ,,
INT-0117-A,APP-0117,CC - 117,English Test, , , , ,,
INT-0117-B,APP-0117,CC - 117,1st Interview,3-Jul-25,,,, , 
INT-0118-A,APP-0118,CC - 118,English Test, , , , ,,
INT-0118-B,APP-0118,CC - 118,1st Interview,3-Jul-25,,,, , 
INT-0119-A,APP-0119,CC - 119,English Test, , , , ,,
INT-0120-A,APP-0120,CC - 120,English Test, , , , ,,
INT-0120-B,APP-0120,CC - 120,1st Interview,3-Jul-25,,,, , 
INT-0121-A,APP-0121,CC - 121,English Test, , , , ,,
INT-0121-B,APP-0121,CC - 121,1st Interview,3-Jul-25,,,, , 
INT-0122-A,APP-0122,CC - 122,English Test, , , , ,,
INT-0122-B,APP-0122,CC - 122,1st Interview,3-Jul-25,,,, , 
INT-0123-A,APP-0123,CC - 123,English Test, , , , ,,
INT-0124-A,APP-0124,CC - 124,English Test, , , , ,,
INT-0125-A,APP-0125,CC - 125,English Test, , , , ,,
INT-0126-A,APP-0126,CC - 126,English Test, , , , ,,
INT-0126-B,APP-0126,CC - 126,1st Interview,3-Jul-25,,,, , 
INT-0127-A,APP-0127,CC - 127,English Test, , , , ,,
INT-0128-A,APP-0128,CC - 128,English Test, , , , ,,
INT-0128-B,APP-0128,CC - 128,1st Interview,4-Jul-25,,,, , 
INT-0129-A,APP-0129,CC - 129,English Test, , , , ,,
INT-0129-B,APP-0129,CC - 129,1st Interview,3-Jul-25,,,, , 
INT-0130-A,APP-0130,CC - 130,English Test, , , , ,,
INT-0131-A,APP-0131,CC - 131,English Test, , , , ,,
INT-0132-A,APP-0132,CC - 132,English Test, , , , ,,
INT-0132-B,APP-0132,CC - 132,1st Interview,3-Jul-25,,,, , 
INT-0133-A,APP-0133,CC - 133,English Test, , , , ,,
INT-0133-B,APP-0133,CC - 133,1st Interview,3-Jul-25,,,, , 
INT-0134-A,APP-0134,CC - 134,English Test, , , , ,,
INT-0134-B,APP-0134,CC - 134,1st Interview,7-Jul-25,,,, , 
INT-0135-A,APP-0135,CC - 135,English Test, , , , ,,
INT-0135-B,APP-0135,CC - 135,1st Interview,4-Jul-25,,,, , 
INT-0136-A,APP-0136,CC - 136,English Test, , , , ,,
INT-0136-B,APP-0136,CC - 136,1st Interview,7-Jul-25,,,, , 
INT-0137-A,APP-0137,CC - 137,English Test, , , , ,,
INT-0137-B,APP-0137,CC - 137,1st Interview,4-Jul-25,,,, , 
INT-0138-A,APP-0138,CC - 138,English Test, , , , ,,
INT-0139-A,APP-0139,CC - 139,English Test, , , , ,,
INT-0139-B,APP-0139,CC - 139,1st Interview,7-Jul-25,,,, , 
INT-0140-A,APP-0140,CC - 140,English Test, , , , ,,
INT-0140-B,APP-0140,CC - 140,1st Interview,16-Jul-25,,,, , 
INT-0141-A,APP-0141,CC - 141,English Test, , , , ,,
INT-0142-A,APP-0142,CC - 142,English Test, , , , ,,
INT-0143-A,APP-0143,CC - 143,English Test, , , , ,,
INT-0144-A,APP-0144,CC - 144,English Test, , , , ,,
INT-0145-A,APP-0145,CC - 145,English Test, , , , ,,
INT-0146-A,APP-0146,CC - 146,English Test, , , , ,,
INT-0147-A,APP-0147,CC - 147,English Test, , , , ,,
INT-0148-A,APP-0148,CC - 148,English Test, , , , ,,
INT-0148-B,APP-0148,CC - 148,1st Interview,7-Jul-25,,,, , 
INT-0149-A,APP-0149,CC - 149,English Test, , , , ,,
INT-0149-B,APP-0149,CC - 149,1st Interview,7-Jul-25,,,, , 
INT-0150-A,APP-0150,CC - 150,English Test, , , , ,,
INT-0150-B,APP-0150,CC - 150,1st Interview,8-Jul-25,,,, , 
INT-0151-A,APP-0151,CC - 151,English Test, , , , ,,
INT-0151-B,APP-0151,CC - 151,1st Interview,7-Jul-25,,,, , 
INT-0152-A,APP-0152,CC - 152,English Test, , , , ,,
INT-0153-A,APP-0153,CC - 153,English Test, , , , ,,
INT-0153-B,APP-0153,CC - 153,1st Interview,8-Jul-25,,,, , 
INT-0154-A,APP-0154,CC - 154,English Test, , , , ,,
INT-0155-A,APP-0155,CC - 155,English Test, , , , ,,
INT-0156-A,APP-0156,CC - 156,English Test, , , , ,,
INT-0157-A,APP-0157,CC - 157,English Test, , , , ,,
INT-0158-A,APP-0158,CC - 158,English Test, , , , ,,
INT-0159-A,APP-0159,CC - 159,English Test, , , , ,,
INT-0159-B,APP-0159,CC - 159,1st Interview,7-Jul-25,,,, , 
INT-0160-A,APP-0160,CC - 160,English Test, , , , ,,
INT-0161-A,APP-0161,CC - 161,English Test, , , , ,,
INT-0162-A,APP-0162,CC - 162,English Test, , , , ,,
INT-0162-B,APP-0162,CC - 162,1st Interview,7-Jul-25,,,, , 
INT-0163-A,APP-0163,CC - 163,English Test, , , , ,,
INT-0164-A,APP-0164,CC - 164,English Test, , , , ,,
INT-0165-A,APP-0165,CC - 165,English Test, , , , ,,
INT-0166-A,APP-0166,CC - 166,English Test, , , , ,,
INT-0167-A,APP-0167,CC - 167,English Test, , , , ,,
INT-0168-A,APP-0168,CC - 168,English Test, , , , ,,
INT-0169-A,APP-0169,CC - 169,English Test, , , , ,,
INT-0170-A,APP-0170,CC - 170,English Test, , , , ,,
INT-0171-A,APP-0171,CC - 171,English Test, , , , ,,
INT-0172-A,APP-0172,CC - 172,English Test, , , , ,,
INT-0173-A,APP-0173,CC - 173,English Test, , , , ,,
INT-0174-A,APP-0174,CC - 174,English Test, , , , ,,
INT-0175-A,APP-0175,CC - 175,English Test, , , , ,,
INT-0176-A,APP-0176,CC - 176,English Test, , , , ,,
INT-0176-B,APP-0176,CC - 176,1st Interview,7-Jul-25,,,, , 
INT-0177-A,APP-0177,CC - 177,English Test, , , , ,,
INT-0178-A,APP-0178,CC - 178,English Test, , , , ,,
INT-0179-A,APP-0179,CC - 179,English Test, , , , ,,
INT-0179-B,APP-0179,CC - 179,1st Interview,7-Jul-25,,,, , 
INT-0180-A,APP-0180,CC - 180,English Test, , , , ,,
INT-0181-A,APP-0181,CC - 181,English Test, , , , ,,
INT-0181-B,APP-0181,CC - 181,1st Interview,7-Jul-25,,,, , 
INT-0182-A,APP-0182,CC - 182,English Test, , , , ,,
INT-0183-A,APP-0183,CC - 183,English Test, , , , ,,
INT-0184-A,APP-0184,CC - 184,English Test, , , , ,,
INT-0185-A,APP-0185,CC - 185,English Test, , , , ,,
INT-0186-A,APP-0186,CC - 186,English Test, , , , ,,
INT-0187-A,APP-0187,CC - 187,English Test, , , , ,,
INT-0188-A,APP-0188,CC - 188,English Test, , , , ,,
INT-0189-A,APP-0189,CC - 189,English Test, , , , ,,
INT-0190-A,APP-0190,CC - 190,English Test, , , , ,,
INT-0191-A,APP-0191,CC - 191,English Test, , , , ,,
INT-0192-A,APP-0192,CC - 192,English Test, , , , ,,
INT-0193-A,APP-0193,CC - 193,English Test, , , , ,,
INT-0193-B,APP-0193,CC - 193,1st Interview,8-Jul-25,,,, , 
INT-0194-A,APP-0194,CC - 194,English Test, , , , ,,
INT-0195-A,APP-0195,CC - 195,English Test, , , , ,,
INT-0196-A,APP-0196,CC - 196,English Test, , , , ,,
INT-0196-B,APP-0196,CC - 196,1st Interview,8-Jul-25,,,, , 
INT-0197-A,APP-0197,CC - 197,English Test, , , , ,,
INT-0198-A,APP-0198,CC - 198,English Test, , , , ,,
INT-0199-A,APP-0199,CC - 199,English Test, , , , ,,
INT-0200-A,APP-0200,CC - 200,English Test, , , , ,,
INT-0201-A,APP-0201,CC - 201,English Test, , , , ,,
INT-0202-A,APP-0202,CC - 202,English Test, , , , ,,
INT-0203-A,APP-0203,CC - 203,English Test, , , , ,,
INT-0203-B,APP-0203,CC - 203,1st Interview,12-Jul-25,,,, , 
INT-0204-A,APP-0204,CC - 204,English Test, , , , ,,
INT-0205-A,APP-0205,CC - 205,English Test, , , , ,,
INT-0206-A,APP-0206,CC - 206,English Test, , , , ,,
INT-0206-B,APP-0206,CC - 206,1st Interview,12-Jul-25,,,, , 
INT-0207-A,APP-0207,CC - 207,English Test, , , , ,,
INT-0208-A,APP-0208,CC - 208,English Test, , , , ,,
INT-0209-A,APP-0209,CC - 209,English Test, , , , ,,
INT-0210-A,APP-0210,CC - 210,English Test, , , , ,,
INT-0210-B,APP-0210,CC - 210,1st Interview,16-Jul-25,,,, , 
INT-0211-A,APP-0211,CC - 211,English Test, , , , ,,
INT-0212-A,APP-0212,CC - 212,English Test, , , , ,,
INT-0213-A,APP-0213,CC - 213,English Test, , , , ,,
INT-0214-A,APP-0214,CC - 214,English Test, , , , ,,
INT-0215-A,APP-0215,CC - 215,English Test, , , , ,,
INT-0216-A,APP-0216,CC - 216,English Test, , , , ,,
INT-0217-A,APP-0217,CC - 217,English Test, , , , ,,
INT-0218-A,APP-0218,CC - 218,English Test, , , , ,,
INT-0219-A,APP-0219,CC - 219,English Test, , , , ,,
INT-0220-A,APP-0220,CC - 220,English Test, , , , ,,
INT-0221-A,APP-0221,CC - 221,English Test, , , , ,,
INT-0222-A,APP-0222,CC - 222,English Test, , , , ,,
INT-0223-A,APP-0223,CC - 223,English Test, , , , ,,
INT-0224-A,APP-0224,CC - 224,English Test, , , , ,,
INT-0225-A,APP-0225,CC - 225,English Test, , , , ,,
INT-0226-A,APP-0226,CC - 226,English Test, , , , ,,
INT-0227-A,APP-0227,CC - 227,English Test, , , , ,,
INT-0228-A,APP-0228,CC - 228,English Test, , , , ,,
INT-0229-A,APP-0229,CC - 229,English Test, , , , ,,
INT-0230-A,APP-0230,CC - 230,English Test, , , , ,,
INT-0230-B,APP-0230,CC - 230,1st Interview,8-Jul-25,,,, , 
INT-0231-A,APP-0231,CC - 231,English Test, , , , ,,
INT-0231-B,APP-0231,CC - 231,1st Interview,8-Jul-25,,,, , 
INT-0232-A,APP-0232,CC - 232,English Test, , , , ,,
INT-0233-A,APP-0233,CC - 233,English Test, , , , ,,
INT-0233-B,APP-0233,CC - 233,1st Interview,8-Jul-25,,,, , 
INT-0234-A,APP-0234,CC - 234,English Test, , , , ,,
INT-0234-B,APP-0234,CC - 234,1st Interview,7-Jul-25,,,, , 
INT-0235-A,APP-0235,CC - 235,English Test, , , , ,,
INT-0236-A,APP-0236,CC - 236,English Test, , , , ,,
INT-0237-A,APP-0237,CC - 237,English Test, , , , ,,
INT-0238-A,APP-0238,CC - 238,English Test, , , , ,,
INT-0239-A,APP-0239,CC - 239,English Test, , , , ,,
INT-0240-A,APP-0240,CC - 240,English Test, , , , ,,
INT-0241-A,APP-0241,CC - 241,English Test, , , , ,,
INT-0242-A,APP-0242,CC - 242,English Test, , , , ,,
INT-0243-A,APP-0243,CC - 243,English Test, , , , ,,
INT-0244-A,APP-0244,CC - 244,English Test, , , , ,,
INT-0244-B,APP-0244,CC - 244,1st Interview,8-Jul-25,,,, , 
INT-0245-A,APP-0245,CC - 245,English Test, , , , ,,
INT-0245-B,APP-0245,CC - 245,1st Interview,8-Jul-25,,,, , 
INT-0246-A,APP-0246,CC - 246,English Test, , , , ,,
INT-0247-A,APP-0247,CC - 247,English Test, , , , ,,
INT-0247-B,APP-0247,CC - 247,1st Interview,16-Jul-25,,,, , 
INT-0248-A,APP-0248,CC - 248,English Test, , , , ,,
INT-0248-B,APP-0248,CC - 248,1st Interview,16-Jul-25,,,, , 
INT-0249-A,APP-0249,CC - 249,English Test, , , , ,,
INT-0250-A,APP-0250,CC - 250,English Test, , , , ,,
INT-0251-A,APP-0251,CC - 251,English Test, , , , ,,
INT-0252-A,APP-0252,CC - 252,English Test, , , , ,,
INT-0253-A,APP-0253,CC - 253,English Test, , , , ,,
INT-0254-A,APP-0254,CC - 254,English Test, , , , ,,
INT-0255-A,APP-0255,CC - 255,English Test, , , , ,,
INT-0256-A,APP-0256,CC - 256,English Test, , , , ,,
INT-0257-A,APP-0257,CC - 257,English Test, , , , ,,
INT-0258-A,APP-0258,CC - 258,English Test, , , , ,,
INT-0258-B,APP-0258,CC - 258,1st Interview,17-Jul-25,,,, , 
INT-0259-A,APP-0259,CC - 259,English Test, , , , ,,
INT-0259-B,APP-0259,CC - 259,1st Interview,16-Jul-25,,,, , 
INT-0260-A,APP-0260,CC - 260,English Test, , , , ,,
INT-0260-B,APP-0260,CC - 260,1st Interview,16-Jul-25,,,, , 
INT-0261-A,APP-0261,CC - 261,English Test, , , , ,,
INT-0261-B,APP-0261,CC - 261,1st Interview,16-Jul-25,,,, , 
INT-0262-A,APP-0262,CC - 262,English Test, , , , ,,
INT-0263-A,APP-0263,CC - 263,English Test, , , , ,,
INT-0264-A,APP-0264,CC - 264,English Test, , , , ,,
INT-0265-A,APP-0265,CC - 265,English Test, , , , ,,
INT-0266-A,APP-0266,CC - 266,English Test, , , , ,,
INT-0267-A,APP-0267,CC - 267,English Test, , , , ,,
INT-0268-A,APP-0268,CC - 268,English Test, , , , ,,
INT-0269-A,APP-0269,CC - 269,English Test, , , , ,,
INT-0270-A,APP-0270,CC - 270,English Test, , , , ,,
INT-0271-A,APP-0271,CC - 271,English Test, , , , ,,
INT-0272-A,APP-0272,CC - 272,English Test, , , , ,,
INT-0273-A,APP-0273,CC - 273,English Test, , , , ,,
INT-0274-A,APP-0274,CC - 274,English Test, , , , ,,
INT-0275-A,APP-0275,CC - 275,English Test, , , , ,,
INT-0276-A,APP-0276,CC - 276,English Test, , , , ,,
INT-0277-A,APP-0277,CC - 277,English Test, , , , ,,
INT-0278-A,APP-0278,CC - 278,English Test, , , , ,,
INT-0279-A,APP-0279,CC - 279,English Test, , , , ,,
INT-0280-A,APP-0280,CC - 280,English Test, , , , ,,
INT-0281-A,APP-0281,CC - 281,English Test, , , , ,,
INT-0282-A,APP-0282,CC - 282,English Test, , , , ,,
INT-0283-A,APP-0283,CC - 283,English Test, , , , ,,
INT-0284-A,APP-0284,CC - 284,English Test, , , , ,,
INT-0285-A,APP-0285,CC - 285,English Test, , , , ,,
INT-0286-A,APP-0286,CC - 286,English Test, , , , ,,
INT-0287-A,APP-0287,CC - 287,English Test, , , , ,,
INT-0288-A,APP-0288,CC - 288,English Test, , , , ,,
INT-0289-A,APP-0289,CC - 289,English Test, , , , ,,
INT-0290-A,APP-0290,CC - 290,English Test, , , , ,,
INT-0291-A,APP-0291,CC - 291,English Test, , , , ,,
INT-0292-A,APP-0292,CC - 292,English Test, , , , ,,
INT-0293-A,APP-0293,CC - 293,English Test, ,423,354,396,,
INT-0293-B,APP-0293,CC - 293,1st Interview,11-Aug-25,,,, , 
INT-0294-A,APP-0294,CC - 294,English Test, , , , ,,
INT-0295-A,APP-0295,CC - 295,English Test, , , , ,,
INT-0296-A,APP-0296,CC - 296,English Test, , , , ,,
INT-0297-A,APP-0297,CC - 297,English Test, , , , ,,
INT-0298-A,APP-0298,CC - 298,English Test, , , , ,,
INT-0299-A,APP-0299,CC - 299,English Test, , , , ,,
INT-0300-A,APP-0300,CC - 300,English Test, , , , ,,
INT-0301-A,APP-0301,CC - 301,English Test, , , , ,,
INT-0302-A,APP-0302,CC - 302,English Test, , , , ,,
INT-0303-A,APP-0303,CC - 303,English Test, , , , ,,
INT-0304-A,APP-0304,CC - 304,English Test, , , , ,,
INT-0305-A,APP-0305,CC - 305,English Test, , , , ,,
INT-0306-A,APP-0306,CC - 306,English Test, , , , ,,
INT-0307-A,APP-0307,CC - 307,English Test, , , , ,,
INT-0307-B,APP-0307,CC - 307,1st Interview,25-Jul-25,,,, , 
INT-0308-A,APP-0308,CC - 308,English Test, , , , ,,
INT-0309-A,APP-0309,CC - 309,English Test,9-May-25,436,417,485,,
INT-0310-A,APP-0310,CC - 310,English Test,21-May-25, , , ,,
INT-0310-B,APP-0310,CC - 310,1st Interview,22-May-25,,,,65, 
INT-0311-A,APP-0311,CC - 311,English Test,9-May-25, , , ,,
INT-0311-B,APP-0311,CC - 311,1st Interview,5-Jun-25,,,, , 
INT-0312-A,APP-0312,CC - 312,English Test,9-May-25, , , ,,
INT-0312-B,APP-0312,CC - 312,1st Interview,5-Jun-25,,,, , 
INT-0313-A,APP-0313,CC - 313,English Test,9-May-25, , , ,,
INT-0314-A,APP-0314,CC - 314,English Test,9-May-25,311,376,278,,
INT-0315-A,APP-0315,CC - 315,English Test,9-May-25, , , ,,
INT-0316-A,APP-0316,CC - 316,English Test,9-May-25, , , ,,
INT-0316-B,APP-0316,CC - 316,1st Interview,12-Jun-25,,,, , 
INT-0317-A,APP-0317,CC - 317,English Test, , , , ,,
INT-0318-A,APP-0318,CC - 318,English Test, , , , ,,
INT-0318-B,APP-0318,CC - 318,1st Interview,5-Jun-25,,,, , 
INT-0319-A,APP-0319,CC - 319,English Test, , , , ,,
INT-0319-B,APP-0319,CC - 319,1st Interview,5-Jun-25,,,, , 
INT-0320-A,APP-0320,CC - 320,English Test, , , , ,,
INT-0320-B,APP-0320,CC - 320,1st Interview,5-Jun-25,,,, , 
INT-0321-A,APP-0321,CC - 321,English Test, , , , ,,
INT-0321-B,APP-0321,CC - 321,1st Interview,5-Jun-25,,,, , 
INT-0322-A,APP-0322,CC - 322,English Test, , , , ,,
INT-0322-B,APP-0322,CC - 322,1st Interview,12-Jun-25,,,, , 
INT-0323-A,APP-0323,CC - 323,English Test, , , , ,,
INT-0323-B,APP-0323,CC - 323,1st Interview,12-Jun-25,,,, , 
INT-0324-A,APP-0324,CC - 324,English Test, , , , ,,
INT-0324-B,APP-0324,CC - 324,1st Interview,12-Jun-25,,,, , 
INT-0325-A,APP-0325,CC - 325,English Test, , , , ,,
INT-0326-A,APP-0326,CC - 326,English Test, , , , ,,
INT-0327-A,APP-0327,CC - 327,English Test, , , , ,,
INT-0327-B,APP-0327,CC - 327,1st Interview,19-Aug-25,,,, , 
INT-0328-A,APP-0328,CC - 328,English Test, , , , ,,
INT-0328-B,APP-0328,CC - 328,1st Interview,7-Jul-25,,,, , 
INT-0329-A,APP-0329,CC - 329,English Test, , , , ,,
INT-0330-A,APP-0330,CC - 330,English Test, , , , ,,
INT-0331-A,APP-0331,CC - 331,English Test, , , , ,,
INT-0332-A,APP-0332,CC - 332,English Test, , , , ,,
INT-0333-A,APP-0333,CC - 333,English Test, , , , ,,
INT-0334-A,APP-0334,CC - 334,English Test, , , , ,,
INT-0334-B,APP-0334,CC - 334,1st Interview,9_Jul-25,,,, , 
INT-0335-A,APP-0335,CC - 335,English Test, , , , ,,
INT-0336-A,APP-0336,CC - 336,English Test, , , , ,,
INT-0337-A,APP-0337,CC - 337,English Test, , , , ,,
INT-0338-A,APP-0338,CC - 338,English Test, , , , ,,
INT-0339-A,APP-0339,CC - 339,English Test, , , , ,,
INT-0339-B,APP-0339,CC - 339,1st Interview,19-Aug-25,,,, , 
INT-0340-A,APP-0340,CC - 340,English Test, , , , ,,
INT-0341-A,APP-0341,CC - 341,English Test, , , , ,,
INT-0342-A,APP-0342,CC - 342,English Test, , , , ,,
INT-0343-A,APP-0343,CC - 343,English Test, , , , ,,
INT-0344-A,APP-0344,CC - 344,English Test, , , , ,,
INT-0345-A,APP-0345,CC - 345,English Test, , , , ,,
INT-0345-B,APP-0345,CC - 345,1st Interview,9-Jul-25,,,, , 
INT-0346-A,APP-0346,CC - 346,English Test, , , , ,,
INT-0347-A,APP-0347,CC - 347,English Test, , , , ,,
INT-0348-A,APP-0348,CC - 348,English Test, , , , ,,
INT-0349-A,APP-0349,CC - 349,English Test, , , , ,,
INT-0350-A,APP-0350,CC - 350,English Test, , , , ,,
INT-0350-B,APP-0350,CC - 350,1st Interview,19-Aug-25,,,, , 
INT-0351-A,APP-0351,CC - 351,English Test, , , , ,,
INT-0352-A,APP-0352,CC - 352,English Test, , , , ,,
INT-0353-A,APP-0353,CC - 353,English Test, , , , ,,
INT-0354-A,APP-0354,CC - 354,English Test, , , , ,,
INT-0355-A,APP-0355,CC - 355,English Test, , , , ,,
INT-0356-A,APP-0356,CC - 356,English Test, , , , ,,
INT-0357-A,APP-0357,CC - 357,English Test, , , , ,,
INT-0358-A,APP-0358,CC - 358,English Test, , , , ,,
INT-0359-A,APP-0359,CC - 359,English Test, , , , ,,
INT-0360-A,APP-0360,CC - 360,English Test, , , , ,,
INT-0361-A,APP-0361,CC - 361,English Test, , , , ,,
INT-0362-A,APP-0362,CC - 362,English Test, , , , ,,
INT-0363-A,APP-0363,CC - 363,English Test, , , , ,,
INT-0364-A,APP-0364,CC - 364,English Test, , , , ,,
INT-0365-A,APP-0365,CC - 365,English Test, , , , ,,
INT-0366-A,APP-0366,CC - 366,English Test, , , , ,,
INT-0366-B,APP-0366,CC - 366,1st Interview,25-Jun-25,,,, , 
INT-0367-A,APP-0367,CC - 367,English Test, , , , ,,
INT-0368-A,APP-0368,CC - 368,English Test, , , , ,,
INT-0368-B,APP-0368,CC - 368,1st Interview,3-Jul-25,,,, , 
INT-0369-A,APP-0369,CC - 369,English Test, , , , ,,
INT-0369-B,APP-0369,CC - 369,1st Interview,2-Jul-25,,,, , 
INT-0370-A,APP-0370,CC - 370,English Test, , , , ,,
INT-0371-A,APP-0371,CC - 371,English Test, , , , ,,
INT-0372-A,APP-0372,CC - 372,English Test, , , , ,,
INT-0372-B,APP-0372,CC - 372,1st Interview,25-Jul-25,,,, , 
INT-0373-A,APP-0373,CC - 373,English Test, , , , ,,
INT-0374-A,APP-0374,CC - 374,English Test, , , , ,,
INT-0375-A,APP-0375,CC - 375,English Test, , , , ,,
INT-0376-A,APP-0376,CC - 376,English Test, , , , ,,
INT-0376-B,APP-0376,CC - 376,1st Interview,7/22/2025,,,, , 
INT-0377-A,APP-0377,CC - 377,English Test, , , , ,,
INT-0378-A,APP-0378,CC - 378,English Test, , , , ,,
INT-0379-A,APP-0379,CC - 379,English Test, , , , ,,
INT-0380-A,APP-0380,CC - 380,English Test, , , , ,,
INT-0381-A,APP-0381,CC - 381,English Test, , , , ,,
INT-0382-A,APP-0382,CC - 382,English Test, , , , ,,
INT-0383-A,APP-0383,CC - 383,English Test, , , , ,,
INT-0384-A,APP-0384,CC - 384,English Test, , , , ,,
INT-0384-B,APP-0384,CC - 384,1st Interview,25-Jul-25,,,, , 
INT-0385-A,APP-0385,CC - 385,English Test, , , , ,,
INT-0386-A,APP-0386,CC - 386,English Test, , , , ,,
INT-0387-A,APP-0387,CC - 387,English Test, , , , ,,
INT-0388-A,APP-0388,CC - 388,English Test, , , , ,,
INT-0388-B,APP-0388,CC - 388,1st Interview,25-Jul-25,,,, , 
INT-0389-A,APP-0389,CC - 389,English Test, , , , ,,
INT-0390-A,APP-0390,CC - 390,English Test, , , , ,,
INT-0391-A,APP-0391,CC - 391,English Test, , , , ,,
INT-0392-A,APP-0392,CC - 392,English Test, , , , ,,
INT-0393-A,APP-0393,CC - 393,English Test, , , , ,,
INT-0394-A,APP-0394,CC - 394,English Test, , , , ,,
INT-0394-B,APP-0394,CC - 394,1st Interview,25-Jul-25,,,, , 
INT-0395-A,APP-0395,CC - 395,English Test, , , , ,,
INT-0396-A,APP-0396,CC - 396,English Test, , , , ,,
INT-0397-A,APP-0397,CC - 397,English Test, , , , ,,
INT-0397-B,APP-0397,CC - 397,1st Interview,25-Jul-25,,,, , 
INT-0398-A,APP-0398,CC - 398,English Test, , , , ,,
INT-0398-B,APP-0398,CC - 398,1st Interview,25-Jul-25,,,, , 
INT-0399-A,APP-0399,CC - 399,English Test, , , , ,,
INT-0400-A,APP-0400,CC - 400,English Test, , , , ,,
INT-0401-A,APP-0401,CC - 401,English Test, , , , ,,
INT-0402-A,APP-0402,CC - 402,English Test, , , , ,,
INT-0403-A,APP-0403,CC - 403,English Test, , , , ,,
INT-0404-A,APP-0404,CC - 404,English Test, , , , ,,
INT-0405-A,APP-0405,CC - 405,English Test, , , , ,,
INT-0406-A,APP-0406,CC - 406,English Test, , , , ,,
INT-0407-A,APP-0407,CC - 407,English Test,5-Aug-25, , , ,,
INT-0408-A,APP-0408,CC - 408,English Test,5-Aug-25,372, , ,,
INT-0409-A,APP-0409,CC - 409,English Test,5-Aug-25, , , ,,
INT-0410-A,APP-0410,CC - 410,English Test,5-Aug-25,407,415,385,,
INT-0410-B,APP-0410,CC - 410,1st Interview,11-Aug-25,,,, , 
INT-0411-A,APP-0411,CC - 411,English Test,5-Aug-25,522,430,329,,
INT-0411-B,APP-0411,CC - 411,1st Interview,11-Aug-25,,,, , 
INT-0412-A,APP-0412,CC - 412,English Test,5-Aug-25, , , ,,
INT-0413-A,APP-0413,CC - 413,English Test,5-Aug-25,509,483,307,,
INT-0413-B,APP-0413,CC - 413,1st Interview,11-Aug-25,,,, , 
INT-0414-A,APP-0414,CC - 414,English Test, , , , ,,
INT-0414-B,APP-0414,CC - 414,1st Interview,13-Aug-25,,,, , 
INT-0415-A,APP-0415,CC - 415,English Test, , , , ,,
INT-0415-B,APP-0415,CC - 415,1st Interview,13-Aug-25,,,, , 
INT-0416-A,APP-0416,CC - 416,English Test, , , , ,,
INT-0417-A,APP-0417,CC - 417,English Test, , , , ,,
INT-0418-A,APP-0418,CC - 418,English Test, , , , ,,
INT-0418-B,APP-0418,CC - 418,1st Interview,18-Aug-25,,,, , 
INT-0419-A,APP-0419,CC - 419,English Test, , , , ,,
INT-0419-B,APP-0419,CC - 419,1st Interview,18-Aug-25,,,, , 
INT-0420-A,APP-0420,CC - 420,English Test, , , , ,,
INT-0420-B,APP-0420,CC - 420,1st Interview,18-Aug-25,,,, , 
INT-0421-A,APP-0421,CC - 421,English Test, , , , ,,
INT-0421-B,APP-0421,CC - 421,1st Interview,18-Aug-25,,,, , 
INT-0422-A,APP-0422,CC - 422,English Test, , , , ,,
INT-0422-B,APP-0422,CC - 422,1st Interview,18-Aug-25,,,, , 
INT-0423-A,APP-0423,CC - 423,English Test, , , , ,,
INT-0423-B,APP-0423,CC - 423,1st Interview,18-Aug-25,,,, , 
INT-0424-A,APP-0424,CC - 424,English Test, , , , ,,
INT-0424-B,APP-0424,CC - 424,1st Interview,18-Aug-25,,,, , 
INT-0425-A,APP-0425,CC - 425,English Test, , , , ,,
INT-0425-B,APP-0425,CC - 425,1st Interview,4-Sep-25,,,, , 
INT-0426-A,APP-0426,CC - 426,English Test,4-Sep-25, , , ,,
INT-0426-B,APP-0426,CC - 426,1st Interview,4-Sep-25,,,, , 
INT-0427-A,APP-0427,CC - 427,English Test,4-Sep-25, , , ,,
INT-0427-B,APP-0427,CC - 427,1st Interview,4-Sep-25,,,, , 
INT-0428-A,APP-0428,CC - 428,English Test,4-Sep-25, , , ,,
INT-0428-B,APP-0428,CC - 428,1st Interview,4-Sep-25,,,, , 
INT-0429-A,APP-0429,CC - 429,English Test, , , , ,,
INT-0430-A,APP-0430,CC - 430,English Test, ,365,,,,
INT-0431-A,APP-0431,CC - 431,English Test, , , , ,,
INT-0432-A,APP-0432,CC - 432,English Test, , , , ,,
INT-0433-A,APP-0433,CC - 433,English Test, , , , ,,
INT-0434-A,APP-0434,CC - 434,English Test, , , , ,,
INT-0435-A,APP-0435,CC - 435,English Test, , , , ,,
INT-0436-A,APP-0436,CC - 436,English Test, , , , ,,
INT-0437-A,APP-0437,CC - 437,English Test, , , , ,,
INT-0438-A,APP-0438,CC - 438,English Test, , , , ,,
INT-0439-A,APP-0439,CC - 439,English Test, , , , ,,
INT-0440-A,APP-0440,CC - 440,English Test, , , , ,,
INT-0441-A,APP-0441,CC - 441,English Test, , , , ,,
INT-0442-A,APP-0442,CC - 442,English Test, , , , ,,
INT-0443-A,APP-0443,CC - 443,English Test, , , , ,,
INT-0444-A,APP-0444,CC - 444,English Test, , , , ,,
INT-0445-A,APP-0445,CC - 445,English Test, , , , ,,
INT-0446-A,APP-0446,CC - 446,English Test, , , , ,,
INT-0447-A,APP-0447,CC - 447,English Test, , , , ,,
INT-0448-A,APP-0448,CC - 448,English Test, , , , ,,
INT-0449-A,APP-0449,CC - 449,English Test, , , , ,,
INT-0450-A,APP-0450,CC - 450,English Test, , , , ,,
INT-0451-A,APP-0451,CC - 451,English Test, , , , ,,
INT-0452-A,APP-0452,CC - 452,English Test, , , , ,,
INT-0452-B,APP-0452,CC - 452,1st Interview,12-Sep-25,,,, , 
INT-0453-A,APP-0453,CC - 453,English Test, , , , ,,
INT-0453-B,APP-0453,CC - 453,1st Interview,12-Sep-25,,,, , 
INT-0454-A,APP-0454,CC - 454,English Test, , , , ,,
INT-0455-A,APP-0455,CC - 455,English Test, , , , ,,
INT-0456-A,APP-0456,CC - 456,English Test, , , , ,,
INT-0457-A,APP-0457,CC - 457,English Test, , , , ,,
INT-0458-A,APP-0458,CC - 458,English Test, , , , ,,
INT-0459-A,APP-0459,CC - 459,English Test,19-Sep-25,453, , ,,
INT-0460-A,APP-0460,CC - 460,English Test, , , , ,,
INT-0461-A,APP-0461,CC - 461,English Test, , , , ,,
INT-0462-A,APP-0462,CC - 462,English Test, , , , ,,
INT-0462-B,APP-0462,CC - 462,1st Interview,25-Sep-25,,,, , 
INT-0463-A,APP-0463,CC - 463,English Test, , , , ,,
INT-0464-A,APP-0464,CC - 464,English Test, , , , ,,
INT-0465-A,APP-0465,CC - 465,English Test, , , , ,,
INT-0466-A,APP-0466,CC - 466,English Test, , , , ,,
INT-0467-A,APP-0467,CC - 467,English Test, , , , ,,
INT-0468-A,APP-0468,CC - 468,English Test, , , , ,,
INT-0469-A,APP-0469,CC - 469,English Test, , , , ,,
INT-0470-A,APP-0470,CC - 470,English Test, , , , ,,
INT-0471-A,APP-0471,CC - 471,English Test, , , , ,,
INT-0472-A,APP-0472,CC - 472,English Test, , , , ,,
INT-0473-A,APP-0473,CC - 473,English Test, , , , ,,
INT-0474-A,APP-0474,CC - 474,English Test, ,486,380,379,,
INT-0475-A,APP-0475,CC - 475,English Test, ,527,453,439,,
INT-0476-A,APP-0476,CC - 476,English Test, ,433,429,339,,
INT-0477-A,APP-0477,CC - 477,English Test, ,Missing,Missing,Missing,,
INT-0478-A,APP-0478,CC - 478,English Test, ,527,,,,
INT-0479-A,APP-0479,CC - 479,English Test, ,Missing,Missing,Missing,,
INT-0480-A,APP-0480,CC - 480,English Test, , , , ,,
INT-0481-A,APP-0481,CC - 481,English Test, , , , ,,
INT-0482-A,APP-0482,CC - 482,English Test, , , , ,,
INT-0483-A,APP-0483,CC - 483,English Test, , , , ,,
INT-0484-A,APP-0484,CC - 484,English Test, , , , ,,
INT-0485-A,APP-0485,CC - 485,English Test, , , , ,,
INT-0486-A,APP-0486,CC - 486,English Test, , , , ,,
INT-0487-A,APP-0487,CC - 487,English Test, , , , ,,
INT-0488-A,APP-0488,CC - 488,English Test, , , , ,,
INT-0489-A,APP-0489,CC - 489,English Test, , , , ,,
INT-0490-A,APP-0490,CC - 490,English Test, , , , ,,
INT-0491-A,APP-0491,CC - 491,English Test, , , , ,,
INT-0492-A,APP-0492,CC - 492,English Test, , , , ,,
INT-0493-A,APP-0493,CC - 493,English Test, , , , ,,
INT-0494-A,APP-0494,CC - 494,English Test, , , , ,,
INT-0495-A,APP-0495,CC - 495,English Test, , , , ,,
INT-0496-A,APP-0496,CC - 496,English Test, , , , ,,
INT-0497-A,APP-0497,CC - 497,English Test, , , , ,,
INT-0498-A,APP-0498,CC - 498,English Test, , , , ,,
INT-0499-A,APP-0499,CC - 499,English Test, , , , ,,
INT-0500-A,APP-0500,CC - 500,English Test, , , , ,,
INT-0501-A,APP-0501,CC - 501,English Test, , , , ,,
INT-0502-A,APP-0502,CC - 502,English Test, , , , ,,
INT-0503-A,APP-0503,CC - 503,English Test, , , , ,,
INT-0504-A,APP-0504,CC - 504,English Test, , , , ,,
INT-0505-A,APP-0505,CC - 505,English Test, , , , ,,
INT-0506-A,APP-0506,CC - 506,English Test, , , , ,,
INT-0507-A,APP-0507,CC - 507,English Test, , , , ,,
INT-0508-A,APP-0508,CC - 508,English Test, , , , ,,
INT-0509-A,APP-0509,CC - 509,English Test, , , , ,,
INT-0510-A,APP-0510,CC - 510,English Test, , , , ,,
INT-0511-A,APP-0511,CC - 511,English Test, , , , ,,
INT-0512-A,APP-0512,CC - 512,English Test, , , , ,,
INT-0513-A,APP-0513,CC - 513,English Test, , , , ,,
INT-0513-B,APP-0513,CC - 513,1st Interview,19/11/25,,,, , 
INT-0514-A,APP-0514,CC - 514,English Test, , , , ,,
INT-0515-A,APP-0515,CC - 515,English Test, , , , ,,
INT-0516-A,APP-0516,CC - 516,English Test, , , , ,,
INT-0517-A,APP-0517,CC - 517,English Test, , , , ,,
INT-0518-A,APP-0518,CC - 518,English Test, , , , ,,
INT-0519-A,APP-0519,CC - 519,English Test, , , , ,,
INT-0519-B,APP-0519,CC - 519,1st Interview,18/11/25,,,, , 
INT-0520-A,APP-0520,CC - 520,English Test, , , , ,,
INT-0521-A,APP-0521,CC - 521,English Test, , , , ,,
INT-0522-A,APP-0522,CC - 522,English Test, , , , ,,
INT-0523-A,APP-0523,CC - 523,English Test, , , , ,,
INT-0524-A,APP-0524,CC - 524,English Test, , , , ,,
INT-0525-A,APP-0525,CC - 525,English Test, , , , ,,
INT-0526-A,APP-0526,CC - 526,English Test, , , , ,,
INT-0527-A,APP-0527,CC - 527,English Test, , , , ,,
INT-0528-A,APP-0528,CC - 528,English Test, , , , ,,
INT-0529-A,APP-0529,CC - 529,English Test, , , , ,,
INT-0530-A,APP-0530,CC - 530,English Test, , , , ,,
INT-0531-A,APP-0531,CC - 531,English Test, , , , ,,
INT-0532-A,APP-0532,CC - 532,English Test, , , , ,,
INT-0533-A,APP-0533,CC - 533,English Test, , , , ,,
INT-0534-A,APP-0534,CC - 534,English Test, , , , ,,
INT-0535-A,APP-0535,CC - 535,English Test, , , , ,,
INT-0536-A,APP-0536,CC - 536,English Test, , , , ,,
INT-0537-A,APP-0537,CC - 537,English Test, , , , ,,
INT-0538-A,APP-0538,CC - 538,English Test, , , , ,,
INT-0539-A,APP-0539,CC - 539,English Test, , , , ,,
INT-0540-A,APP-0540,CC - 540,English Test, , , , ,,
INT-0541-A,APP-0541,CC - 541,English Test, , , , ,,
INT-0542-A,APP-0542,CC - 542,English Test, , , , ,,
INT-0543-A,APP-0543,CC - 543,English Test, , , , ,,
INT-0544-A,APP-0544,CC - 544,English Test, , , , ,,
INT-0545-A,APP-0545,CC - 545,English Test, , , , ,,
INT-0545-B,APP-0545,CC - 545,1st Interview,11/20/2025,,,, , 
INT-0546-A,APP-0546,CC - 546,English Test, , , , ,,
INT-0547-A,APP-0547,CC - 547,English Test, , , , ,,
INT-0548-A,APP-0548,CC - 548,English Test, , , , ,,
INT-0549-A,APP-0549,CC - 549,English Test, , , , ,,
INT-0550-A,APP-0550,CC - 550,English Test, , , , ,,
INT-0551-A,APP-0551,CC - 551,English Test, , , , ,,
INT-0551-B,APP-0551,CC - 551,1st Interview,11/21/2025,,,, , 
INT-0552-A,APP-0552,CC - 552,English Test, , , , ,,
INT-0553-A,APP-0553,CC - 553,English Test, , , , ,,
INT-0554-A,APP-0554,CC - 554,English Test, , , , ,,
INT-0555-A,APP-0555,CC - 555,English Test, , , , ,,
INT-0556-A,APP-0556,CC - 556,English Test, , , , ,,
INT-0557-A,APP-0557,CC - 557,English Test, , , , ,,
INT-0558-A,APP-0558,CC - 558,English Test, , , , ,,
INT-0559-A,APP-0559,CC - 559,English Test, , , , ,,
INT-0560-A,APP-0560,CC - 560,English Test, , , , ,,
INT-0561-A,APP-0561,CC - 561,English Test, , , , ,,
INT-0562-A,APP-0562,CC - 562,English Test, , , , ,,
INT-0563-A,APP-0563,CC - 563,English Test, , , , ,,
INT-0564-A,APP-0564,CC - 564,English Test, , , , ,,
INT-0565-A,APP-0565,CC - 565,English Test, , , , ,,
INT-0566-A,APP-0566,CC - 566,English Test, , , , ,,
INT-0567-A,APP-0567,CC - 567,English Test, , , , ,,
INT-0567-B,APP-0567,CC - 567,1st Interview,45994,,,, , 
INT-0568-A,APP-0568,CC - 568,English Test, , , , ,,
INT-0569-A,APP-0569,CC - 569,English Test, , , , ,,
INT-0570-A,APP-0570,CC - 570,English Test, , , , ,,
INT-0571-A,APP-0571,CC - 571,English Test, , , , ,,
INT-0572-A,APP-0572,CC - 572,English Test, , , , ,,
INT-0573-A,APP-0573,CC - 573,English Test, , , , ,,
INT-0574-A,APP-0574,CC - 574,English Test, , , , ,,
INT-0575-A,APP-0575,CC - 575,English Test, , , , ,,
INT-0576-A,APP-0576,CC - 576,English Test, , , , ,,
INT-0577-A,APP-0577,CC - 577,English Test, , , , ,,
INT-0578-A,APP-0578,CC - 578,English Test, , , , ,,
INT-0579-A,APP-0579,CC - 579,English Test, , , , ,,
INT-0580-A,APP-0580,CC - 580,English Test, , , , ,,
INT-0581-A,APP-0581,CC - 581,English Test, , , , ,,
INT-0582-A,APP-0582,CC - 582,English Test, , , , ,,
INT-0583-A,APP-0583,CC - 583,English Test, , , , ,,
INT-0584-A,APP-0584,CC - 584,English Test, , , , ,,
INT-0585-A,APP-0585,CC - 585,English Test, , , , ,,
INT-0585-B,APP-0585,CC - 585,1st Interview,3-Dec-25,,,, ,3:00 PM PST
INT-0586-A,APP-0586,CC - 586,English Test, , , , ,,
INT-0586-B,APP-0586,CC - 586,1st Interview,5-Dec-25,,,, ,3:15 PM PST
INT-0587-A,APP-0587,CC - 587,English Test, , , , ,,
INT-0588-A,APP-0588,CC - 588,English Test, , , , ,,
INT-0588-B,APP-0588,CC - 588,1st Interview,10-Dec-25,,,, ,5:15 PM PST
INT-0589-A,APP-0589,CC - 589,English Test, , , , ,,
INT-0590-A,APP-0590,CC - 590,English Test, , , , ,,
INT-0590-B,APP-0590,CC - 590,1st Interview,9-Dec-25,,,, ,3:00 PM PST
INT-0591-A,APP-0591,CC - 591,English Test, , , , ,,
INT-0592-A,APP-0592,CC - 592,English Test,Send, , , ,,
INT-0592-B,APP-0592,CC - 592,1st Interview,3-Dec-25,,,, ,3:15 PM PST
INT-0593-A,APP-0593,CC - 593,English Test, , , , ,,
INT-0593-B,APP-0593,CC - 593,1st Interview,5-Dec-25,,,, ,3:00 PM PST
INT-0594-A,APP-0594,CC - 594,English Test, , , , ,,
INT-0594-B,APP-0594,CC - 594,1st Interview,10-Dec-25,,,, ,4:45 PM PST
INT-0595-A,APP-0595,CC - 595,English Test, , , , ,,
INT-0595-B,APP-0595,CC - 595,1st Interview,4-Dec-25,,,, ,3:00 PM PST
INT-0596-A,APP-0596,CC - 596,English Test, , , , ,,
INT-0596-B,APP-0596,CC - 596,1st Interview,4-Dec-25,,,, ,4:00 PM PST
INT-0597-A,APP-0597,CC - 597,English Test, , , , ,,
INT-0598-A,APP-0598,CC - 598,English Test, , , , ,,
INT-0599-A,APP-0599,CC - 599,English Test, , , , ,,
INT-0599-B,APP-0599,CC - 599,1st Interview,11-Dec-25,,,, ,3:45 PM PST
INT-0600-A,APP-0600,CC - 600,English Test, , , , ,,
INT-0600-B,APP-0600,CC - 600,1st Interview,11-Dec-25,,,, ,4:00 PM PST
INT-0601-A,APP-0601,CC - 601,English Test, , , , ,,
INT-0601-B,APP-0601,CC - 601,1st Interview,4-Dec-25,,,, ,3:15 PM PST
INT-0602-A,APP-0602,CC - 602,English Test, , , , ,,
INT-0602-B,APP-0602,CC - 602,1st Interview,4-Dec-25,,,, ,3:30 PM PST
INT-0603-A,APP-0603,CC - 603,English Test, , , , ,,
INT-0604-A,APP-0604,CC - 604,English Test, , , , ,,
INT-0605-A,APP-0605,CC - 605,English Test, , , , ,,
INT-0605-B,APP-0605,CC - 605,1st Interview,5-Dec-25,,,, ,4:00 PM PST
INT-0606-A,APP-0606,CC - 606,English Test, , , , ,,
INT-0606-B,APP-0606,CC - 606,1st Interview,4-Dec-25,,,, ,3:45 PM PST
INT-0607-A,APP-0607,CC - 607,English Test, , , , ,,
INT-0608-A,APP-0608,CC - 608,English Test, , , , ,,
INT-0608-B,APP-0608,CC - 608,1st Interview,4-Dec-25,,,, ,4:15 PM PST
INT-0609-A,APP-0609,CC - 609,English Test, , , , ,,
INT-0609-B,APP-0609,CC - 609,1st Interview,11-Dec-25,,,, ,4:30 PM PST
INT-0610-A,APP-0610,CC - 610,English Test, , , , ,,
INT-0611-A,APP-0611,CC - 611,English Test, , , , ,,
INT-0612-A,APP-0612,CC - 612,English Test, , , , ,,
INT-0613-A,APP-0613,CC - 613,English Test, , , , ,,
INT-0614-A,APP-0614,CC - 614,English Test, , , , ,,
INT-0615-A,APP-0615,CC - 615,English Test, , , , ,,
INT-0616-A,APP-0616,CC - 616,English Test, , , , ,,
INT-0616-B,APP-0616,CC - 616,1st Interview,5-Dec-25,,,, ,4:15 PM PST
INT-0617-A,APP-0617,CC - 617,English Test, , , , ,,
INT-0617-B,APP-0617,CC - 617,1st Interview,8-Dec-25,,,, ,3:00 PM PST
INT-0618-A,APP-0618,CC - 618,English Test, , , , ,,
INT-0619-A,APP-0619,CC - 619,English Test, , , , ,,
INT-0620-A,APP-0620,CC - 620,English Test, , , , ,,
INT-0620-B,APP-0620,CC - 620,1st Interview,8-Dec-25,,,, ,6:15 PM PST
INT-0621-A,APP-0621,CC - 621,English Test, , , , ,,
INT-0621-B,APP-0621,CC - 621,1st Interview,8-Dec-25,,,, ,3:15 PM PST
INT-0622-A,APP-0622,CC - 622,English Test, , , , ,,
INT-0623-A,APP-0623,CC - 623,English Test, , , , ,,
INT-0624-A,APP-0624,CC - 624,English Test, , , , ,,
INT-0624-B,APP-0624,CC - 624,1st Interview,8-Dec-25,,,, ,3:30 PM PST
INT-0625-A,APP-0625,CC - 625,English Test, , , , ,,
INT-0625-B,APP-0625,CC - 625,1st Interview,5-Dec-25,,,, ,3:30 PM PST
INT-0626-A,APP-0626,CC - 626,English Test, , , , ,,
INT-0626-B,APP-0626,CC - 626,1st Interview,11-Dec-25,,,, ,4:45 PM PST
INT-0627-A,APP-0627,CC - 627,English Test, , , , ,,
INT-0628-A,APP-0628,CC - 628,English Test, , , , ,,
INT-0629-A,APP-0629,CC - 629,English Test, , , , ,,
INT-0629-B,APP-0629,CC - 629,1st Interview,10-Dec-25,,,, ,3:45 PM PST
INT-0630-A,APP-0630,CC - 630,English Test, , , , ,,
INT-0631-A,APP-0631,CC - 631,English Test, , , , ,,
INT-0631-B,APP-0631,CC - 631,1st Interview,9-Dec-25,,,, ,3:15 PM PST
INT-0632-A,APP-0632,CC - 632,English Test, , , , ,,
INT-0633-A,APP-0633,CC - 633,English Test, , , , ,,
INT-0633-B,APP-0633,CC - 633,1st Interview,12-Dec-25,,,, ,3:00 PM PST
INT-0634-A,APP-0634,CC - 634,English Test, , , , ,,
INT-0635-A,APP-0635,CC - 635,English Test, , , , ,,
INT-0636-A,APP-0636,CC - 636,English Test, , , , ,,
INT-0637-A,APP-0637,CC - 637,English Test, , , , ,,
INT-0637-B,APP-0637,CC - 637,1st Interview,9-Dec-25,,,, ,4:30 PM PST
INT-0638-A,APP-0638,CC - 638,English Test, , , , ,,
INT-0638-B,APP-0638,CC - 638,1st Interview,9-Dec-25,,,, ,7:00 PM PST
INT-0639-A,APP-0639,CC - 639,English Test, , , , ,,
INT-0640-A,APP-0640,CC - 640,English Test, , , , ,,
INT-0640-B,APP-0640,CC - 640,1st Interview,11-Dec-25,,,, ,3:00 PM PST
INT-0641-A,APP-0641,CC - 641,English Test, , , , ,,
INT-0642-A,APP-0642,CC - 642,English Test, , , , ,,
INT-0642-B,APP-0642,CC - 642,1st Interview,9-Dec-25,,,, ,3:30 PM PST
INT-0643-A,APP-0643,CC - 643,English Test, , , , ,,
INT-0643-B,APP-0643,CC - 643,1st Interview,9-Dec-25,,,, ,3:45 PM PST
INT-0644-A,APP-0644,CC - 644,English Test, , , , ,,
INT-0644-B,APP-0644,CC - 644,1st Interview,11-Dec-25,,,, ,5:00 PM PST
INT-0645-A,APP-0645,CC - 645,English Test, , , , ,,
INT-0646-A,APP-0646,CC - 646,English Test, , , , ,,
INT-0646-B,APP-0646,CC - 646,1st Interview,9-Dec-25,,,, ,4:15 PM PST
INT-0647-A,APP-0647,CC - 647,English Test, , , , ,,
INT-0647-B,APP-0647,CC - 647,1st Interview,9-Dec-25,,,, ,4:45 PM PST
INT-0648-A,APP-0648,CC - 648,English Test, , , , ,,
INT-0648-B,APP-0648,CC - 648,1st Interview,12-Dec-25,,,, ,3:15 PM PST
INT-0649-A,APP-0649,CC - 649,English Test, , , , ,,
INT-0649-B,APP-0649,CC - 649,1st Interview,10-Dec-25,,,, ,5:00 PM PST
INT-0650-A,APP-0650,CC - 650,English Test, , , , ,,
INT-0650-B,APP-0650,CC - 650,1st Interview,9-Dec-25,,,, ,5:15 PM PST
INT-0651-A,APP-0651,CC - 651,English Test, , , , ,,
INT-0652-A,APP-0652,CC - 652,English Test, , , , ,,
INT-0653-A,APP-0653,CC - 653,English Test, , , , ,,
INT-0653-B,APP-0653,CC - 653,1st Interview,10-Dec-25,,,, ,3:00 PM PST
INT-0654-A,APP-0654,CC - 654,English Test, , , , ,,
INT-0654-B,APP-0654,CC - 654,1st Interview,10-Dec-25,,,, ,3:15 PM PST
INT-0655-A,APP-0655,CC - 655,English Test, , , , ,,
INT-0655-B,APP-0655,CC - 655,1st Interview,10-Dec-25,,,, ,4:00 PM PST
INT-0656-A,APP-0656,CC - 656,English Test, , , , ,,
INT-0656-B,APP-0656,CC - 656,1st Interview,10-Dec-25,,,, ,4:15 PM PST
INT-0657-A,APP-0657,CC - 657,English Test, , , , ,,
INT-0658-A,APP-0658,CC - 658,English Test, , , , ,,
INT-0658-B,APP-0658,CC - 658,1st Interview,10-Dec-25,,,, ,6:50 PM PST
INT-0659-A,APP-0659,CC - 659,English Test, , , , ,,
INT-0659-B,APP-0659,CC - 659,1st Interview,10-Dec-25,,,, ,7:00 PM PST
INT-0660-A,APP-0660,CC - 660,English Test, , , , ,,
INT-0660-B,APP-0660,CC - 660,1st Interview,11-Dec-25,,,, ,4:15 PM PST
INT-0661-A,APP-0661,CC - 661,English Test, , , , ,,
INT-0662-A,APP-0662,CC - 662,English Test, , , , ,,
INT-0662-B,APP-0662,CC - 662,1st Interview,11-Dec-25,,,, ,5:15 PM PST
INT-0663-A,APP-0663,CC - 663,English Test, , , , ,,
INT-0663-B,APP-0663,CC - 663,1st Interview,12-Dec-25,,,, ,3:30 PM PST
INT-0664-A,APP-0664,CC - 664,English Test, , , , ,,
INT-0664-B,APP-0664,CC - 664,1st Interview,11-Dec-25,,,, ,3:15 PM PST
INT-0665-A,APP-0665,CC - 665,English Test, , , , ,,
INT-0665-B,APP-0665,CC - 665,1st Interview,11-Dec-25,,,, ,7:45 PM PST
INT-0666-A,APP-0666,CC - 666,English Test, , , , ,,
INT-0667-A,APP-0667,CC - 667,English Test, , , , ,,
INT-0668-A,APP-0668,CC - 668,English Test, , , , ,,
INT-0668-B,APP-0668,CC - 668,1st Interview,10-Dec-25,,,, ,3:30 PM PST
INT-0669-A,APP-0669,CC - 669,English Test, , , , ,,
INT-0670-A,APP-0670,CC - 670,English Test, , , , ,,
INT-0671-A,APP-0671,CC - 671,English Test, , , , ,,
INT-0672-A,APP-0672,CC - 672,English Test, , , , ,,
INT-0673-A,APP-0673,CC - 673,English Test, , , , ,,
INT-0674-A,APP-0674,CC - 674,English Test, , , , ,,
INT-0675-A,APP-0675,CC - 675,English Test, , , , ,,
INT-0676-A,APP-0676,CC - 676,English Test, , , , ,,
INT-0677-A,APP-0677,CC - 677,English Test, , , , ,,
INT-0678-A,APP-0678,CC - 678,English Test, , , , ,,
INT-0679-A,APP-0679,CC - 679,English Test, , , , ,,
INT-0680-A,APP-0680,CC - 680,English Test, , , , ,,
INT-0681-A,APP-0681,CC - 681,English Test, , , , ,,
INT-0682-A,APP-0682,CC - 682,English Test, , , , ,,
INT-0683-A,APP-0683,CC - 683,English Test, , , , ,,
INT-0684-A,APP-0684,CC - 684,English Test, , , , ,,
INT-0685-A,APP-0685,CC - 685,English Test, , , , ,,
INT-0686-A,APP-0686,CC - 686,English Test, , , , ,,
INT-0687-A,APP-0687,CC - 687,English Test, , , , ,,
INT-0688-A,APP-0688,CC - 688,English Test, , , , ,,
INT-0689-A,APP-0689,CC - 689,English Test, , , , ,,
INT-0690-A,APP-0690,CC - 690,English Test, , , , ,,
INT-0691-A,APP-0691,CC - 691,English Test, , , , ,,
INT-0692-A,APP-0692,CC - 692,English Test, , , , ,,
INT-0693-A,APP-0693,CC - 693,English Test, , , , ,,
INT-0694-A,APP-0694,CC - 694,English Test, , , , ,,
INT-0695-A,APP-0695,CC - 695,English Test, , , , ,,
INT-0696-A,APP-0696,CC - 696,English Test, , , , ,,
INT-0697-A,APP-0697,CC - 697,English Test, , , , ,,
INT-0698-A,APP-0698,CC - 698,English Test, , , , ,,
INT-0699-A,APP-0699,CC - 699,English Test, , , , ,,
INT-0700-A,APP-0700,CC - 700,English Test, , , , ,,
INT-0701-A,APP-0701,CC - 701,English Test, , , , ,,
INT-0702-A,APP-0702,CC - 702,English Test, , , , ,,
INT-0703-A,APP-0703,CC - 703,English Test, , , , ,,
INT-0704-A,APP-0704,CC - 704,English Test, , , , ,,
INT-0705-A,APP-0705,CC - 705,English Test, , , , ,,
INT-0706-A,APP-0706,CC - 706,English Test, , , , ,,
INT-0707-A,APP-0707,CC - 707,English Test, , , , ,,
INT-0708-A,APP-0708,CC - 708,English Test, , , , ,,
INT-0709-A,APP-0709,CC - 709,English Test, , , , ,,
INT-0710-A,APP-0710,CC - 710,English Test, , , , ,,
INT-0711-A,APP-0711,CC - 711,English Test, , , , ,,
INT-0712-A,APP-0712,CC - 712,English Test, , , , ,,
INT-0713-A,APP-0713,CC - 713,English Test, , , , ,,
INT-0714-A,APP-0714,CC - 714,English Test,,,,,,
INT-0715-A,APP-0715,CC - 715,English Test,,,,,,
INT-0716-A,APP-0716,CC - 716,English Test,,,,,,
INT-0717-A,APP-0717,CC - 717,English Test,,,,,,
INT-0717-B,APP-0717,CC - 717,1st Interview,24/15/2025,,,,,2:00 PM PST
INT-0718-A,APP-0718,CC - 718,English Test,,,,,,
INT-0719-A,APP-0719,CC - 719,English Test,,,,,,
INT-0720-A,APP-0720,CC - 720,English Test,,,,,,
INT-0721-A,APP-0721,CC - 721,English Test,,,,,,
INT-0722-A,APP-0722,CC - 722,English Test,,,,,,
INT-0723-A,APP-0723,CC - 723,English Test,,,,,,
INT-0723-B,APP-0723,CC - 723,1st Interview,25/15/2025,,,,,2:00 PM PST
INT-0724-A,APP-0724,CC - 724,English Test,,,,,,
INT-0724-B,APP-0724,CC - 724,1st Interview,24/15/2025,,,,,2:30 PM PST
INT-0725-A,APP-0725,CC - 725,English Test,,,,,,
INT-0726-A,APP-0726,CC - 726,English Test,,,,,,
INT-0726-B,APP-0726,CC - 726,1st Interview,24/15/2025,,,,,4:00 PM PST
INT-0727-A,APP-0727,CC - 727,English Test,,,,,,
INT-0727-B,APP-0727,CC - 727,1st Interview,24/15/2025,,,,,3:00 PM PST
INT-0728-A,APP-0728,CC - 728,English Test,,,,,,
INT-0729-A,APP-0729,CC - 729,English Test,,,,,,
INT-0730-A,APP-0730,CC - 730,English Test,,,,,,
INT-0730-B,APP-0730,CC - 730,1st Interview,24/15/2025,,,,,3:30 PM PST
INT-0731-A,APP-0731,CC - 731,English Test,,,,,,
INT-0732-A,APP-0732,CC - 732,English Test,,,,,,
INT-0733-A,APP-0733,CC - 733,English Test,,,,,,
INT-0734-A,APP-0734,CC - 734,English Test,,,,,,
INT-0735-A,APP-0735,CC - 735,English Test,,,,,,
INT-0736-A,APP-0736,CC - 736,English Test,,,,,,
INT-0737-A,APP-0737,CC - 737,English Test,,,,,,
INT-0738-A,APP-0738,CC - 738,English Test,,,,,,
INT-0739-A,APP-0739,CC - 739,English Test,,,,,,
INT-0740-A,APP-0740,CC - 740,English Test,,,,,,
INT-0741-A,APP-0741,CC - 741,English Test,,,,,,
INT-0742-A,APP-0742,CC - 742,English Test,,,,,,
INT-0743-A,APP-0743,CC - 743,English Test,,,,,,
INT-0744-A,APP-0744,CC - 744,English Test,,,,,,
INT-0745-A,APP-0745,CC - 745,English Test,,,,,,
INT-0746-A,APP-0746,CC - 746,English Test,,,,,,
INT-0747-A,APP-0747,CC - 747,English Test,,,,,,
INT-0748-A,APP-0748,CC - 748,English Test,,,,,,
INT-0749-A,APP-0749,CC - 749,English Test,,,,,,
INT-0750-A,APP-0750,CC - 750,English Test,,468,314,291,,
INT-0751-A,APP-0751,CC - 751,English Test,,260,282,,,
INT-0752-A,APP-0752,CC - 752,English Test,,,,,,
INT-0753-A,APP-0753,CC - 753,English Test,,,,,,
INT-0754-A,APP-0754,CC - 754,English Test,,,,,,
INT-0755-A,APP-0755,CC - 755,English Test,,503,,,,
INT-0756-A,APP-0756,CC - 756,English Test,,,,,,
INT-0757-A,APP-0757,CC - 757,English Test,,,,,,
INT-0758-A,APP-0758,CC - 758,English Test,,,,,,
INT-0759-A,APP-0759,CC - 759,English Test,,,,,,
INT-0760-A,APP-0760,CC - 760,English Test,,,,,,
INT-0761-A,APP-0761,CC - 761,English Test, , , , ,,
INT-0762-A,APP-0762,CC - 762,English Test,,,,,,
INT-0763-A,APP-0763,CC - 763,English Test,,,,,,
INT-0764-A,APP-0764,CC - 764,English Test,,,,,,
INT-0765-A,APP-0765,CC - 765,English Test,,,,,,
INT-0766-A,APP-0766,CC - 766,English Test,,,,,,
INT-0767-A,APP-0767,CC - 767,English Test,,,,,,
INT-0768-A,APP-0768,CC - 768,English Test,,,,,,
INT-0768-B,APP-0768,CC - 768,1st Interview,14/1/2026,,,,,5:15 PM PST
INT-0769-A,APP-0769,CC - 769,English Test,,,,,,
INT-0770-A,APP-0770,CC - 770,English Test,,,,,,
INT-0770-B,APP-0770,CC - 770,1st Interview,8-Jan-26,,,,,6:45 PM PST
INT-0771-A,APP-0771,CC - 771,English Test,,,,,,
INT-0772-A,APP-0772,CC - 772,English Test,,,,,,
INT-0773-A,APP-0773,CC - 773,English Test,,,,,,
INT-0774-A,APP-0774,CC - 774,English Test,,,,,,
INT-0775-A,APP-0775,CC - 775,English Test,Pakezza batool,,,,,
INT-0775-B,APP-0775,CC - 775,1st Interview,16/1/2026,,,,,7:00 PM PST
INT-0776-A,APP-0776,CC - 776,English Test,M Nadeem,,,,,
INT-0777-A,APP-0777,CC - 777,English Test,,,,,,
INT-0778-A,APP-0778,CC - 778,English Test,,,,,,
INT-0779-A,APP-0779,CC - 779,English Test,,,,,,
INT-0780-A,APP-0780,CC - 780,English Test,,,,,,
INT-0780-B,APP-0780,CC - 780,1st Interview,20/1/2026,,,,,1:00 PM PST
INT-0781-A,APP-0781,CC - 781,English Test,,,,,,
INT-0782-A,APP-0782,CC - 782,English Test,,,,,,
INT-0782-B,APP-0782,CC - 782,1st Interview,20/1/2026,,,,,1:15 PM PST
INT-0783-A,APP-0783,CC - 783,English Test,,,,,,
INT-0783-B,APP-0783,CC - 783,1st Interview,20/1/2026,,,,,2:00 PM PST
INT-0784-A,APP-0784,CC - 784,English Test,,,,,,
INT-0784-B,APP-0784,CC - 784,1st Interview,22/01/2026,,,,,2:00 PM PST
INT-0785-A,APP-0785,CC - 785,English Test,,,,,,
INT-0785-B,APP-0785,CC - 785,1st Interview,22/01/2026,,,,,2:15 PM PST
INT-0786-A,APP-0786,CC - 786,English Test,,,,,,
INT-0786-B,APP-0786,CC - 786,1st Interview,20/1/2026,,,,,1:30 PM PST
INT-0787-A,APP-0787,CC - 787,English Test,,,,,,
INT-0787-B,APP-0787,CC - 787,1st Interview,20/1/2026,,,,,1:45 PM PST
INT-0788-A,APP-0788,CC - 788,English Test,,,,,,
INT-0789-A,APP-0789,CC - 789,English Test,,,,,,
INT-0790-A,APP-0790,CC - 790,English Test,,,,,,
INT-0791-A,APP-0791,CC - 791,English Test,,,,,,
INT-0792-A,APP-0792,CC - 792,English Test,,,,,,
INT-0792-B,APP-0792,CC - 792,1st Interview,21/1/2026,,,,,2:15 PM PST
INT-0793-A,APP-0793,CC - 793,English Test,,,,,,
INT-0794-A,APP-0794,CC - 794,English Test,,,,,,
INT-0795-A,APP-0795,CC - 795,English Test,,,,,,
INT-0796-A,APP-0796,CC - 796,English Test,,,,,,
INT-0796-B,APP-0796,CC - 796,1st Interview,21/1/2026,,,,,2:45 PM PST
INT-0797-A,APP-0797,CC - 797,English Test,,,,,,
INT-0798-A,APP-0798,CC - 798,English Test,,,,,,
INT-0798-B,APP-0798,CC - 798,1st Interview,21/1/2026,,,,,3:00 PM PST
INT-0799-A,APP-0799,CC - 799,English Test,,,,,,
INT-0800-A,APP-0800,CC - 800,English Test,,,,,,
INT-0800-B,APP-0800,CC - 800,1st Interview,21/1/2026,,,,,3:00 PM PST
INT-0801-A,APP-0801,CC - 801,English Test,,,,,,
INT-0802-A,APP-0802,CC - 802,English Test,,,,,,
INT-0803-A,APP-0803,CC - 803,English Test,,,,,,
INT-0804-A,APP-0804,CC - 804,English Test,,,,,,
INT-0805-A,APP-0805,CC - 805,English Test,,,,,,
INT-0805-B,APP-0805,CC - 805,1st Interview,22/01/2026,,,,,3:30 PM PST
INT-0806-A,APP-0806,CC - 806,English Test,,,,,,
INT-0807-A,APP-0807,CC - 807,English Test,,,,,,
INT-0808-A,APP-0808,CC - 808,English Test,,,,,,
INT-0809-A,APP-0809,CC - 809,English Test,,,,,,
INT-0810-A,APP-0810,CC - 810,English Test,,,,,,
INT-0810-B,APP-0810,CC - 810,1st Interview,22/01/2026,,,,,3:00 PM PST
INT-0811-A,APP-0811,CC - 811,English Test,,,,,,
INT-0812-A,APP-0812,CC - 812,English Test,,,,,,
INT-0813-A,APP-0813,CC - 813,English Test,,,,,,
INT-0814-A,APP-0814,CC - 814,English Test,,,,,,
INT-0815-A,APP-0815,CC - 815,English Test,,,,,,
INT-0816-A,APP-0816,CC - 816,English Test,,,,,,
INT-0817-A,APP-0817,CC - 817,English Test,,,,,,
INT-0818-A,APP-0818,CC - 818,English Test,,,,,,
INT-0819-A,APP-0819,CC - 819,English Test,,,,,,
INT-0820-A,APP-0820,CC - 820,English Test,,,,,,
INT-0821-A,APP-0821,CC - 821,English Test,,,,,,
INT-0822-A,APP-0822,CC - 822,English Test,,,,,,
INT-0823-A,APP-0823,CC - 823,English Test,,,,,,
INT-0824-A,APP-0824,CC - 824,English Test,,,,,,
INT-0825-A,APP-0825,CC - 825,English Test,,,,,,
INT-0826-A,APP-0826,CC - 826,English Test,,,,,,
INT-0827-A,APP-0827,CC - 827,English Test,,,,,,
INT-0828-A,APP-0828,CC - 828,English Test,,,,,,
INT-0829-A,APP-0829,CC - 829,English Test,,,,,,
INT-0830-A,APP-0830,CC - 830,English Test,,,,,,
INT-0831-A,APP-0831,CC - 831,English Test,,,,,,
INT-0832-A,APP-0832,CC - 832,English Test,,,,,,
INT-0833-A,APP-0833,CC - 833,English Test,,,,,,
INT-0834-A,APP-0834,CC - 834,English Test,,,,,,
INT-0835-A,APP-0835,CC - 835,English Test,,,,,,
INT-0836-A,APP-0836,CC - 836,English Test,,,,,,
INT-0837-A,APP-0837,CC - 837,English Test,,,,,,
INT-0838-A,APP-0838,CC - 838,English Test,,,,,,
INT-0839-A,APP-0839,CC - 839,English Test,,,,,,
INT-0840-A,APP-0840,CC - 840,English Test,,,,,,
INT-0841-A,APP-0841,CC - 841,English Test,,,,,,
INT-0842-A,APP-0842,CC - 842,English Test,,,,,,
INT-0843-A,APP-0843,CC - 843,English Test,,,,,,
INT-0844-A,APP-0844,CC - 844,English Test,,,,,,
INT-0845-A,APP-0845,CC - 845,English Test,,,,,,
INT-0846-A,APP-0846,CC - 846,English Test,,,,,,
INT-0847-A,APP-0847,CC - 847,English Test,,,,,,
INT-0848-A,APP-0848,CC - 848,English Test,,,,,,
INT-0849-A,APP-0849,CC - 849,English Test,,,,,,
INT-0850-A,APP-0850,CC - 850,English Test,,,,,,
INT-0851-A,APP-0851,CC - 851,English Test,,,,,,
INT-0852-A,APP-0852,CC - 852,English Test,,,,,,
INT-0853-A,APP-0853,CC - 853,English Test,,,,,,
INT-0853-B,APP-0853,CC - 853,1st Interview,29/01/2026,,,,,3:00 PM PST
INT-0854-A,APP-0854,CC - 854,English Test,,,,,,
INT-0854-B,APP-0854,CC - 854,1st Interview,11/2/2026,,,,,6:00 PM PST
INT-0855-A,APP-0855,CC - 855,English Test,,,,,,
INT-0855-B,APP-0855,CC - 855,1st Interview,29/01/2026,,,,,3:45 PM PST
INT-0856-A,APP-0856,CC - 856,English Test,,,,,,
INT-0856-B,APP-0856,CC - 856,1st Interview,2/2/2026,,,,,3:45 PM PST
INT-0857-A,APP-0857,CC - 857,English Test,,,,,,
INT-0858-A,APP-0858,CC - 858,English Test,,,,,,
INT-0859-A,APP-0859,CC - 859,English Test,,,,,,
INT-0860-A,APP-0860,CC - 860,English Test,,,,,,
INT-0861-A,APP-0861,CC - 861,English Test,,,,,,
INT-0862-A,APP-0862,CC - 862,English Test,,,,,,
INT-0862-B,APP-0862,CC - 862,1st Interview,29/01/2026,,,,,4:00 PM PST
INT-0863-A,APP-0863,CC - 863,English Test,,,,,,
INT-0864-A,APP-0864,CC - 864,English Test,,,,,,
INT-0865-A,APP-0865,CC - 865,English Test,,,,,,
INT-0866-A,APP-0866,CC - 866,English Test,,,,,,
INT-0866-B,APP-0866,CC - 866,1st Interview,2/2/2026,,,,,4:30 PM PST
INT-0867-A,APP-0867,CC - 867,English Test,,,,,,
INT-0868-A,APP-0868,CC - 868,English Test,,,,,,
INT-0868-B,APP-0868,CC - 868,1st Interview,2/2/2026,,,,,4:00 PM PST
INT-0869-A,APP-0869,CC - 869,English Test,,,,,,
INT-0869-B,APP-0869,CC - 869,1st Interview,2/2/2026,,,,,4:15 PM PST
INT-0870-A,APP-0870,CC - 870,English Test,,,,,,
INT-0871-A,APP-0871,CC - 871,English Test,,,,,,
INT-0871-B,APP-0871,CC - 871,1st Interview,2/2/2026,,,,,3:00 PM PST
INT-0872-A,APP-0872,CC - 872,English Test,,,,,,
INT-0872-B,APP-0872,CC - 872,1st Interview,2/2/2026,,,,,3:00 PM PST
INT-0873-A,APP-0873,CC - 873,English Test,,,,,,
INT-0873-B,APP-0873,CC - 873,1st Interview,5/2/2026,,,,,4:45 PM PST
INT-0874-A,APP-0874,CC - 874,English Test,,,,,,
INT-0874-B,APP-0874,CC - 874,1st Interview,6/2/2026,,,,,4:00 PM PST
INT-0875-A,APP-0875,CC - 875,English Test,,,,,,
INT-0876-A,APP-0876,CC - 876,English Test,,,,,,
INT-0877-A,APP-0877,CC - 877,English Test,,,,,,
INT-0877-B,APP-0877,CC - 877,1st Interview,5/2/2026,,,,,5:00 PM PST
INT-0878-A,APP-0878,CC - 878,English Test,,,,,,
INT-0878-B,APP-0878,CC - 878,1st Interview,5/2/2026,,,,,3:45 PM PST
INT-0879-A,APP-0879,CC - 879,English Test,,,,,,
INT-0880-A,APP-0880,CC - 880,English Test,,,,,,
INT-0880-B,APP-0880,CC - 880,1st Interview,12/2/2026,,,,,4:00 PM PST
INT-0881-A,APP-0881,CC - 881,English Test,,,,,,
INT-0881-B,APP-0881,CC - 881,1st Interview,12/2/2026,,,,,3:30 PM PST
INT-0882-A,APP-0882,CC - 882,English Test,,,,,,
INT-0883-A,APP-0883,CC - 883,English Test,,,,,,
INT-0884-A,APP-0884,CC - 884,English Test,,,,,,
INT-0884-B,APP-0884,CC - 884,1st Interview,11/2/2026,,,,,4:00 PM PST
INT-0885-A,APP-0885,CC - 885,English Test,,,,,,
INT-0885-B,APP-0885,CC - 885,1st Interview,11/2/2026,,,,,4:15 PM PST
INT-0886-A,APP-0886,CC - 886,English Test,,,,,,
INT-0886-B,APP-0886,CC - 886,1st Interview,11/2/2026,,,,,3:30 PM PST
INT-0887-A,APP-0887,CC - 887,English Test, , , , ,,
INT-0887-B,APP-0887,CC - 887,1st Interview,11-Dec-25,,,, ,3:30 PM PST
INT-0888-A,APP-0888,CC - 888,English Test, , , , ,,
INT-0888-B,APP-0888,CC - 888,1st Interview,12/2/2026,,,, ,4:30 PM PST
INT-0889-A,APP-0889,CC - 889,English Test, , , , ,,
INT-0890-A,APP-0890,CC - 890,English Test,,,,,,
INT-0890-B,APP-0890,CC - 890,1st Interview,11/2/2026,,,,,4:30 PM PST
INT-0891-A,APP-0891,CC - 891,English Test,,,,,,
INT-0891-B,APP-0891,CC - 891,1st Interview,11/2/2026,,,,,5:00 PM PST
INT-0892-A,APP-0892,CC - 892,English Test,,,,,,
INT-0892-B,APP-0892,CC - 892,1st Interview,11/2/2026,,,,,5:15 PM PST
INT-0893-A,APP-0893,CC - 893,English Test,,,,,,
INT-0893-B,APP-0893,CC - 893,1st Interview,11/2/2026,,,,,5:30 PM PST
INT-0894-A,APP-0894,CC - 894,English Test,,,,,,
INT-0894-B,APP-0894,CC - 894,1st Interview,12/2/2026,,,,,5:00 PM PST
INT-0895-A,APP-0895,CC - 895,English Test,,,,,,
INT-0896-A,APP-0896,CC - 896,English Test, , , , ,,
INT-0896-B,APP-0896,CC - 896,1st Interview,10-Dec-25,,,, ,4:30 PM PST
INT-0897-A,APP-0897,CC - 897,English Test,,,,,,
INT-0897-B,APP-0897,CC - 897,1st Interview,12/2/2026,,,,,6:30 PM PST
INT-0898-A,APP-0898,CC - 898,English Test,,,,,,
INT-0898-B,APP-0898,CC - 898,1st Interview,12/2/2026,,,,,4:45 PM PST
INT-0899-A,APP-0899,CC - 899,English Test,,,,,,
INT-0900-A,APP-0900,CC - 900,English Test,,,,,,
INT-0900-B,APP-0900,CC - 900,1st Interview,23/2/2026,,,,,3:00 PM PST
INT-0901-A,APP-0901,CC - 901,English Test,,,,,,
INT-0901-B,APP-0901,CC - 901,1st Interview,23/2/2026,,,,,3:20 PM PST
INT-0902-A,APP-0902,CC - 902,English Test,,,,,,
INT-0902-B,APP-0902,CC - 902,1st Interview,23/2/2026,,,,,3:40 PM PST
INT-0903-A,APP-0903,CC - 903,English Test,,,,,,
INT-0904-A,APP-0904,CC - 904,English Test,,,,,,
INT-0905-A,APP-0905,CC - 905,English Test,,,,,,
INT-0905-B,APP-0905,CC - 905,1st Interview,46056,,,,,3:00 PM PST
INT-0906-A,APP-0906,CC - 906,English Test,,,,,,
INT-0907-A,APP-0907,CC - 907,English Test,,,,,,
INT-0908-A,APP-0908,CC - 908,English Test,,,,,,
INT-0909-A,APP-0909,CC - 909,English Test,,,,,,
INT-0909-B,APP-0909,CC - 909,1st Interview,46056,,,,,3:30 PM PST
INT-0910-A,APP-0910,CC - 910,English Test,,,,,,
INT-0910-B,APP-0910,CC - 910,1st Interview,3/3/2026,,,,,3:15 PM PST
INT-0911-A,APP-0911,CC - 911,English Test,,,,,,
INT-0911-B,APP-0911,CC - 911,1st Interview,5/3/2026,,,,,3:20 PM PST
INT-0912-A,APP-0912,CC - 912,English Test,,,,,,
INT-0913-A,APP-0913,CC - 913,English Test,,,,,,
INT-0913-B,APP-0913,CC - 913,1st Interview,2/3/2026,,,,,2:00 PM PST
INT-0914-A,APP-0914,CC - 914,English Test,,,,,,
INT-0915-A,APP-0915,CC - 915,English Test,,,,,,
INT-0916-A,APP-0916,CC - 916,English Test,,,,,,
INT-0917-A,APP-0917,CC - 917,English Test,,,,,,
INT-0918-A,APP-0918,CC - 918,English Test,,,,,,
INT-0919-A,APP-0919,CC - 919,English Test,,,,,,
INT-0919-B,APP-0919,CC - 919,1st Interview,3/3/2026,,,,,2:15 PM PST
INT-0920-A,APP-0920,CC - 920,English Test,,,,,,
INT-0921-A,APP-0921,CC - 921,English Test,,,,,,
INT-0921-B,APP-0921,CC - 921,1st Interview,3/3/2026,,,,,2:30 PM PST
INT-0922-A,APP-0922,CC - 922,English Test,,,,,,
INT-0922-B,APP-0922,CC - 922,1st Interview,3/3/2026,,,,,2:45 PM PST
INT-0923-A,APP-0923,CC - 923,English Test,,,,,,
INT-0924-A,APP-0924,CC - 924,English Test,,,,,,
INT-0925-A,APP-0925,CC - 925,English Test,,,,,,
INT-0926-A,APP-0926,CC - 926,English Test,,,,,,
INT-0927-A,APP-0927,CC - 927,English Test,,,,,,
INT-0928-A,APP-0928,CC - 928,English Test,,,,,,
INT-0929-A,APP-0929,CC - 929,English Test,,,,,,
INT-0930-A,APP-0930,CC - 930,English Test,,,,,,
INT-0931-A,APP-0931,CC - 931,English Test,,,,,,
INT-0931-B,APP-0931,CC - 931,1st Interview,3/3/2026,,,,,3:00 PM PST
INT-0932-A,APP-0932,CC - 932,English Test,,,,,,
INT-0932-B,APP-0932,CC - 932,1st Interview,5/3/2026,,,,,3:40 PM PST
INT-0933-A,APP-0933,CC - 933,English Test,,,,,,
INT-0933-B,APP-0933,CC - 933,1st Interview,5/3/2026,,,,,4:00 PM PST
INT-0934-A,APP-0934,CC - 934,English Test,,,,,,
INT-0934-B,APP-0934,CC - 934,1st Interview,5/3/2026,,,,,4:15 PM PST
INT-0935-A,APP-0935,CC - 935,English Test,,,,,,
INT-0935-B,APP-0935,CC - 935,1st Interview,5/3/2026,,,,,4:30 PM PST
INT-0936-A,APP-0936,CC - 936,English Test,,,,,,
INT-0937-A,APP-0937,CC - 937,English Test,,,,,,
INT-0938-A,APP-0938,CC - 938,English Test,,,,,,
INT-0939-A,APP-0939,CC - 939,English Test,,,,,,
INT-0940-A,APP-0940,CC - 940,English Test,,,,,,
INT-0941-A,APP-0941,CC - 941,English Test,,,,,,
INT-0942-A,APP-0942,CC - 942,English Test,,,,,,
INT-0943-A,APP-0943,CC - 943,English Test,,,,,,
INT-0944-A,APP-0944,CC - 944,English Test,,,,,,
INT-0945-A,APP-0945,CC - 945,English Test,,,,,,
INT-0946-A,APP-0946,CC - 946,English Test,,,,,,
INT-0947-A,APP-0947,CC - 947,English Test,,,,,,
INT-0948-A,APP-0948,CC - 948,English Test,,,,,,
INT-0949-A,APP-0949,CC - 949,English Test,,,,,,
INT-0950-A,APP-0950,CC - 950,English Test,,,,,,
INT-0951-A,APP-0951,CC - 951,English Test,,,,,,
INT-0952-A,APP-0952,CC - 952,English Test,,,,,,
INT-0953-A,APP-0953,CC - 953,English Test,,,,,,
